ct.scan,cost.cta,cost.trauma,cost.stroke.caught,cost.stroke.missed,cost.stroke.baseline,cost.aspirin,QALY.post.stroke,QALY.post.trauma,strategy
1.0,708.0,23397,143.359104,0.0,302.34758400000004,0.304,0.00035646200572450625,0.03754801215,universal
0.23681599999999997,167.66572799999997,23397,82.4314848,208.89469440000002,302.34758400000004,0.17479999999999998,0.0004106576707850468,0.037021191075,dc
0.412512,292.058496,23397,107.089250688,124.35378278399999,302.347584,0.22708799999999998,0.0003887243663370162,0.037234398663,edc
0.18471200000000004,130.77609600000002,23397,67.808856192,259.02942105600005,302.34758400000004,0.14379199999999998,0.00042366463039957654,0.036894754017,mc
