Label,Benefit,Cost,ICER
none,620.6101333127949,1719148.3007696513,N/A
mc,631.8906333415538,1528034.3514178193,-16941.9749891051
dc,634.3232147431046,1495288.855017636,-13461.21300578372
edc,638.4252147535623,1500674.4097624249,1312.9094907505887
universal,644.4589705828987,1735633.2399835375,38940.72562212922
