Label,Benefit,Cost,ICER
dc,637.4005031834718,1341842.0432131973,N/A
edc,640.5329020862077,1375408.5376678966,10715.90672100567
universal,645.140442332674,1657750.929999519,61278.3344753563
