Label,Benefit,Cost,ICER
dc,617.9691899111259,1194853.5066468902,N/A
edc,620.568080063711,1241408.5578121122,17913.435517431815
universal,624.3908661602469,1542856.210886537,78855.48536121074
