Label,Benefit,Cost,ICER
edc,3075.504592596463,3163592.786050538,N/A
universal,3097.2849810833945,3231381.9832398267,3112.396146191956
