Label,Benefit,Cost,ICER
none,607.4868646094214,817254.2898935194,N/A
mc,615.7359554176131,780580.5553879518,-4445.791100899153
dc,617.514829122551,781360.4987799859,438.44787286987844
edc,620.5144985073479,844862.4193234158,21169.639849402738
universal,624.926802893125,1171237.734913461,73969.35638486351
