Label,Benefit,Cost
none,609.281039691727,1287401.076205015
universal,624.3908661602469,1542856.210886537
dc,617.9691899111259,1194853.5066468902
edc,620.568080063711,1241408.5578121122
mc,616.427987611337,1204123.4509093754
