Label,Benefit,Cost
none,626.9288208051396,1477810.6599140563
universal,645.140442332674,1657750.929999519
dc,637.4005031834718,1341842.0432131973
edc,640.5329020862077,1375408.5376678966
mc,635.5429177876632,1358814.50366448
