Label,Benefit,Cost
none,3011.196489040186,3899478.057590471
universal,3097.2849810833945,3231381.9832398267
dc,3060.6973719650296,3275888.542838851
edc,3075.504592596463,3163592.786050538
mc,3051.916345776623,3379360.710422615
