initial,true.bcvi,false.bcvi,TP,FN,FP,TN,detected.bcvi,missed.bcvi,no.bcvi,stroke.bcvi.caught,stroke.bcvi.missed,stroke.no.bcvi,regular.trauma.fu.bcvi.caught,regular.trauma.fu.bcvi.missed,regular.trauma.fu.no.bcvi,dead.bcvi.caught,dead.bcvi.missed,dead.no.bcvi,strategy
0.0,0.0,0.0,0.0,0.0,0.0,0.0,0.0,0.0,0.0,0.005523905735882614,0.0,0.011759100602275262,0.057172368,0.0,0.762056988,0.013303726264117386,0.0,0.15018391139772475,universal
0.0,0.0,0.0,0.0,0.0,0.0,0.0,0.0,0.0,0.0,0.003176245798132503,0.004975328546746016,0.011759100602275262,0.0328741116,0.012803978399999999,0.762056988,0.007649642601867497,0.014520693053253986,0.15018391139772475,dc
0.0,0.0,1.1102230246251565e-16,0.0,0.0,0.0,0.0,0.0,3.469446951953614e-18,0.0,0.004126357584704313,0.0029617838172393933,0.011759100602275259,0.042707758896,0.007622133023999998,0.7620569879999999,0.009937883519295686,0.008644083158760606,0.15018391139772475,edc
0.0,0.0,0.0,0.0,0.0,0.0,0.0,0.0,0.0,0.0,0.0026128074130724764,0.006169407397965062,0.011759100602275262,0.027042530063999995,0.015876933216,0.762056988,0.0062926625229275225,0.01800565938603494,0.15018391139772475,mc
